<application>
  <component name="TextDiffSettings">
    <option name="PLACES_MAP">
      <entry key="VcsFileHistoryView">
        <PlaceSettings>
          <option name="BREADCRUMBS_PLACEMENT" value="BOTTOM" />
          <option name="EXPAND_BY_DEFAULT" value="false" />
          <option name="HIGHLIGHTING_LEVEL" value="ADVANCED" />
          <option name="HIGHLIGHT_POLICY" value="BY_CHAR" />
          <option name="IGNORE_POLICY" value="IGNORE_WHITESPACES_CHUNKS" />
          <option name="SHOW_INDENT_LINES" value="true" />
          <option name="USE_SOFT_WRAPS" value="true" />
        </PlaceSettings>
      </entry>
    </option>
  </component>
</application>