<application>
  <component name="FeatureSuggesterSettings">
    <option name="suggesters">
      <map>
        <entry key="Comment with line comment_" value="false" />
        <entry key="Completion with replace_" value="false" />
        <entry key="Completion_" value="true" />
        <entry key="Edit breakpoint_" value="false" />
        <entry key="File structure_" value="false" />
        <entry key="Introduce variable_" value="true" />
        <entry key="Mute breakpoints_" value="false" />
        <entry key="Paste from history_" value="false" />
        <entry key="Run to cursor_" value="false" />
        <entry key="Surround with_" value="false" />
        <entry key="Unwrap_" value="false" />
      </map>
    </option>
    <option name="suggestionLastShownTime">
      <map>
        <entry key="Introduce variable" value="1651918700215" />
      </map>
    </option>
    <option name="workingDays">
      <list>
        <option value="1650865028639" />
        <option value="1650963710730" />
        <option value="1651047803219" />
        <option value="1651133606355" />
        <option value="1651218437490" />
        <option value="1651304051077" />
        <option value="1651389089546" />
        <option value="1651499705857" />
        <option value="1651559648132" />
        <option value="1651649458589" />
        <option value="1651721913069" />
        <option value="1651766400074" />
        <option value="1651852876012" />
        <option value="1651941709464" />
        <option value="1652025764557" />
        <option value="1652112000027" />
        <option value="1652198403250" />
        <option value="1652285095291" />
        <option value="1652371297315" />
        <option value="1652457651350" />
        <option value="1652604059473" />
        <option value="1652687663150" />
        <option value="1652777731622" />
        <option value="1652862043381" />
        <option value="1652943512494" />
        <option value="1653032629182" />
        <option value="1653113126390" />
        <option value="1653192537189" />
        <option value="1653283296325" />
        <option value="1653355045528" />
      </list>
    </option>
  </component>
</application>