<application>
  <component name="FileTypeManager" version="18">
    <extensionMap>
      <mapping pattern="test01" type="AUTO_DETECTED" />
      <mapping pattern="hiuawe" type="AUTO_DETECTED" />
      <mapping pattern="OutputTest02" type="AUTO_DETECTED" />
      <mapping ext="edf" type="Native" />
      <mapping ext="chm" type="Native" />
      <mapping ext="one" type="Native" />
      <mapping ext="xmind" type="Native" />
      <mapping ext="exe" type="Native" />
      <mapping ext="vmoptions" type="PLAIN_TEXT" />
      <mapping ext="xcuserstate" type="PLAIN_TEXT" />
      <mapping ext="plantuml" type="PlantUML file" />
      <removed_mapping ext="apk" approved="true" type="ARCHIVE" />
      <removed_mapping ext="csv" approved="true" type="CSV/TSV" />
      <removed_mapping ext="ignore" approved="true" type="IgnoreLang file" />
      <removed_mapping ext="psd" approved="true" type="Image" />
      <removed_mapping ext="sql" approved="true" type="SQL" />
      <removed_mapping ext="tsv" approved="true" type="CSV/TSV" />
    </extensionMap>
  </component>
</application>