<application>
  <component name="GitToolBoxAppSettings2">
    <option name="absoluteDateTimeStyle" value="ISO_8601" />
    <option name="blameInlayConfig">
      <InlayBlameConfig>
        <option name="respectSoftWraps" value="true" />
        <option name="shortenToFitViewport" value="true" />
      </InlayBlameConfig>
    </option>
    <option name="blameUncommittedChanges" value="false" />
    <option name="showEditorInlineBlame" value="false" />
    <option name="showStatusWidget" value="false" />
  </component>
</application>