<application>
  <component name="LineMarkerSettings">
    <option name="providers">
      <map>
        <entry key="CdiDiagramDependenciesLineMarkerProvider" value="true" />
        <entry key="CdiDisposerMethodsClassAnnotator" value="true" />
        <entry key="CdiInjectionsClassAnnotator" value="true" />
        <entry key="ConfigurationPropertyRelatedItemLineMarkerProvider" value="true" />
        <entry key="GrpcRunRequestGutterProvider" value="true" />
        <entry key="LiveBeansClassLineMarkerProvider" value="true" />
        <entry key="LiveBeansDomLineMarkerProvider" value="true" />
        <entry key="MessageHandlerLineMarkerProvider" value="true" />
        <entry key="MnCacheableLineMarker" value="true" />
        <entry key="ModelDependenciesLineMarkerProviderJava" value="true" />
        <entry key="ModelDependenciesLineMarkerProviderXml" value="true" />
        <entry key="QsCacheLineMarker" value="true" />
        <entry key="QsScheduledTasksLineMarker" value="true" />
        <entry key="RSOpenInHttpClientLineMarkerProvider" value="true" />
        <entry key="RenderedDoc" value="true" />
        <entry key="RetrofitOpenInHttpClientLineMarkerProvider" value="true" />
        <entry key="SpringAopAnnotator" value="true" />
        <entry key="SpringAutowiredAnnotator" value="true" />
        <entry key="SpringBeanAnnotator" value="true" />
        <entry key="SpringCacheableAnnotator" value="true" />
        <entry key="SpringClassFilesetLineMarkerProvider" value="true" />
        <entry key="SpringComponentScanAnnotator" value="true" />
        <entry key="SpringDataProjectionAnnotator" value="true" />
        <entry key="SpringDataRepositoryAnnotator" value="true" />
        <entry key="SpringDomAnnotator" value="true" />
        <entry key="SpringEventListenerAnnotator" value="true" />
        <entry key="SpringMQLineMarkerProvider" value="true" />
        <entry key="SpringMvcRequestMappingLineMarkerProvider" value="true" />
        <entry key="SpringMvcRequestMappingRelatedItemLineMarkerProvider" value="true" />
        <entry key="SpringPropertiesAnnotator" value="true" />
        <entry key="SpringScheduledTasksLineMarker" value="true" />
        <entry key="SpringSpiRegistrationAnnotator" value="true" />
        <entry key="SpringTestConfigurationAnnotator" value="true" />
        <entry key="SwOpenInHttpClientLineMarkerProvider" value="true" />
        <entry key="com.android.tools.idea.compose.annotator.ComposePreviewPickerAnnotator" value="true" />
        <entry key="com.intellij.aop.jam.AopJavaAnnotator" value="true" />
        <entry key="com.intellij.beanValidation.providers.BvConfigLineMarkerProvider" value="true" />
        <entry key="com.intellij.beanValidation.providers.BvConstraintLineMarkerProvider" value="true" />
        <entry key="com.intellij.cdi.gutter.CdiAnnotationsLineMarkerProvider" value="true" />
        <entry key="com.intellij.cdi.gutter.CdiConfigLineMarkerProvider" value="true" />
        <entry key="com.intellij.codeInsight.ExternalAnnotationLineMarkerProvider" value="false" />
        <entry key="com.intellij.codeInsight.InferredContractAnnotationsLineMarkerProvider" value="true" />
        <entry key="com.intellij.codeInsight.InferredNullabilityAnnotationsLineMarkerProvider" value="true" />
        <entry key="com.intellij.codeInsight.daemon.impl.IconLineMarkerProvider" value="true" />
        <entry key="com.intellij.codeInsight.daemon.impl.RecursiveCallLineMarkerProvider" value="true" />
        <entry key="com.intellij.execution.lineMarker.RunLineMarkerProvider" value="true" />
        <entry key="com.intellij.httpClient.http.request.codeInsight.HttpRequestDiffLineMarkerProvider" value="true" />
        <entry key="com.intellij.javaee.application.JavaeeAppConfigLineMarkerProvider" value="true" />
        <entry key="com.intellij.javaee.web.module.view.web.WebClassesLineMarkerProvider" value="true" />
        <entry key="com.intellij.javaee.web.module.view.web.WebXmlLineMarkerProvider" value="true" />
        <entry key="com.intellij.jpa.highlighting.JpaClassLineMarkerProvider" value="true" />
        <entry key="com.intellij.jpa.highlighting.JpaConfigLineMarkerProvider" value="true" />
        <entry key="com.intellij.lang.javascript.highlighting.JSRecursiveCallLineMarkerProvider" value="true" />
        <entry key="com.intellij.lang.javascript.highlighting.TypeScriptSourceMappingLineMarkerProvider" value="true" />
        <entry key="com.intellij.micronaut.provider.beans.MnBeansLineMarkers" value="true" />
        <entry key="com.intellij.micronaut.provider.beans.MnEventsLineMarkers" value="true" />
        <entry key="com.intellij.micronaut.provider.http.MnHttpLineMarkers" value="true" />
        <entry key="com.intellij.micronaut.provider.management.MnManagementLineMarkers" value="true" />
        <entry key="com.intellij.micronaut.provider.mq.MnMqLineMarkerProvider" value="true" />
        <entry key="com.intellij.micronaut.provider.websocket.MnWebSocketLineMarkers" value="true" />
        <entry key="com.intellij.nosql.providers.NoSqlLineMarkerProvider" value="true" />
        <entry key="com.intellij.spring.data.mongoDB.SpringDataMongoDbLineMarkerProvider" value="true" />
        <entry key="com.intellij.sql.editor.SqlRecursiveCallLineMakerProvider" value="true" />
        <entry key="com.intellij.ui.ColorLineMarkerProvider" value="true" />
        <entry key="devkit.beforeAfter" value="true" />
        <entry key="devkit.description" value="true" />
        <entry key="java.implemented" value="true" />
        <entry key="java.implementing" value="true" />
        <entry key="java.lambda" value="true" />
        <entry key="java.overridden" value="true" />
        <entry key="java.overriding" value="true" />
        <entry key="java.service" value="true" />
        <entry key="java.sibling.inherited" value="true" />
        <entry key="jprofiler.incoming" value="true" />
        <entry key="jprofiler.outgoing" value="true" />
        <entry key="js.implemented" value="true" />
        <entry key="js.implementing" value="true" />
        <entry key="js.overridden" value="true" />
        <entry key="js.overriding" value="true" />
        <entry key="kotlin.actual" value="true" />
        <entry key="kotlin.dsl" value="true" />
        <entry key="kotlin.expect" value="true" />
        <entry key="kotlin.implemented" value="true" />
        <entry key="kotlin.implementing" value="true" />
        <entry key="kotlin.overridden" value="true" />
        <entry key="kotlin.overriding" value="true" />
        <entry key="org.editorconfig.configmanagement.editor.EditorConfigPreviewMarkerProvider" value="true" />
        <entry key="org.intellij.plugins.markdown.editor.images.ConfigureHtmlImageLineMarkerProvider" value="true" />
        <entry key="org.intellij.plugins.markdown.editor.images.ConfigureMarkdownImageLineMarkerProvider" value="true" />
        <entry key="org.intellij.plugins.markdown.editor.images.ConfigureTextHtmlImageLineMarkerProvider" value="true" />
        <entry key="org.intellij.plugins.markdown.extensions.common.plantuml.PlantUMLCodeFenceDownloadLineMarkerProvider" value="true" />
        <entry key="org.intellij.plugins.markdown.extensions.jcef.mermaid.MermaidCodeFenceDownloadLineMarkerProvider" value="true" />
        <entry key="org.jetbrains.idea.devkit.navigation.ExtensionDeclarationRelatedItemLineMarkerProvider" value="true" />
        <entry key="org.jetbrains.idea.devkit.references.DevKitRelatedPropertiesProvider" value="true" />
        <entry key="org.jetbrains.idea.devkit.testAssistant.TestDataLineMarkerProvider" value="true" />
        <entry key="scala.companion" value="true" />
        <entry key="scala.implemented" value="true" />
        <entry key="scala.implementing" value="true" />
        <entry key="scala.overridden" value="true" />
        <entry key="scala.overriding" value="true" />
        <entry key="scala.recursion" value="true" />
        <entry key="scala.sam" value="true" />
      </map>
    </option>
  </component>
</application>