<application>
  <component name="PostfixTemplates">
    <template id="try@userDefined" key=".try" provider="builtin.java" language-level="1.3" topmost="false">
      <conditions />
      <template name="fakeKey" value="try {&#10;    $EXPR$&#10;} catch (Exception e) {&#10;    e.printStackTrace();&#10;}" toReformat="true" toShortenFQNames="true" />
    </template>
    <template id="co@userDefined" key=".co" provider="builtin.js" language-level="ES6" topmost="false">
      <conditions />
      <template name="fakeKey" value="console.log($EXPR$)" description="" toReformat="true" toShortenFQNames="true" />
    </template>
  </component>
</application>