<application>
  <component name="AppStorage">
    <option name="newTranslationDialogCollapseDictViewer" value="false" />
    <option name="newTranslationDialogHeight" value="435" />
    <option name="newTranslationDialogWidth" value="518" />
    <option name="newTranslationDialogX" value="1111" />
    <option name="newTranslationDialogY" value="104" />
    <histories>
      <item value="fully qualified class name of the servlet." />
      <item value="Core" />
      <item value="查询内容" />
      <item value="端口" />
      <item value="duan" />
      <item value="主机" />
      <item value="zhu" />
      <item value="操作" />
      <item value="The connection &quot;Connection (Main)&quot; is been idle for more than 31 minutes. You have uncommitted changes on this connection. Please specify whether to commit or rollback the changes. You can choose to keep the connection alive for another 30 more minutes. &#10;&#10;NOTE: Connection will close automatically and changes will be rolled-back if this prompt stays unattended for more than 5 minutes." />
      <item value="失败" />
      <item value="继续" />
      <item value="成功" />
      <item value="陈公公" />
      <item value="页面" />
      <item value="nvalid or incomplete statement" />
      <item value="You did not select any schema to run the statement against. To continue with the statement execution please select a schema" />
      <item value="Incorrect string value: '\xA7\x86' for column 'realName' at row 4" />
      <item value="资源" />
      <item value="Statement" />
      <item value="Register ourselves with the DriverManager" />
      <item value="Loading class `com.mysql.jdbc.Driver'. This is deprecated. The new driver class is `com.mysql.cj.jdbc.Driver'. The driver is automatically registered via the SPI and manual loading of the driver class is generally unnecessary.&#10;" />
      <item value="Loading class `com.mysql.jdbc.Driver'. This is deprecated. The new driver class is `com.mysql.cj.jdbc.Driver'. The driver is automatically registered via the SPI and manual loading of the driver class is generally unnecessary." />
      <item value="Connection" />
      <item value="register Driver" />
      <item value="Driver" />
      <item value="Copyright (c) 2000, 2022, Oracle andor its affiliates.&#10;&#10;This is a release of MySQL ConnectorJ, a JDBC Type 4 driver for MySQL that&#10;also supports the new X DevAPI.&#10;&#10;License information can be found in the LICENSE file.&#10;&#10;This distribution may include materials developed by third parties.&#10;For license and attribution notices for these materials, please refer to the&#10;LICENSE file.&#10;&#10;For more information on MySQL ConnectorJ, visit&#10;  https:dev.mysql.comdocconnector-j8.0en&#10;&#10;For additional downloads and the source of MySQL ConnectorJ, visit&#10;  https:dev.mysql.comdownloads&#10;&#10;MySQL ConnectorJ is brought to you by the MySQL team at Oracle.&#10;&#10;Notice:&#10;- In order to use the logging capabilities provided by the default&#10;  implementation com.mysql.cj.log.Slf4JLogger, it is required to add one or&#10;  more jars for Simple Logging Facade for Java (SLF4J) to your CLASSPATH.&#10;- To use the X DevAPI features in ConnectorJ, you also need the external&#10;  library protobuf-java, which you can download manually from the official&#10;  Maven repository and add it to the CLASSPATH, or use Maven's automatic&#10;  dependency resolution features by adding a dependency to &quot;GroupId: mysql&quot;&#10;  and &quot;ArtifactId: mysql-connector-java&quot; to your project's pom.xml file.&#10;- To use OCI AIM authentication, you will need to add the external library&#10;  oci-java-sdk-common, which you can download manually from the official Maven&#10;  repository and add it to the CLASSPATH, or use Maven's automatic dependency&#10;  resolution features by adding a dependency to &quot;GroupId: com.oracle.oci.sdk&quot;&#10;  and &quot;ArtifactId: oci-java-sdk-common&quot; to your project's pom.xml file." />
      <item value="驱动" />
      <item value="error: The following untracked working tree files would be overwritten by merge:&#10;&#9;README.md&#10;Please move or remove them before you merge.&#10;Aborting" />
      <item value="推送失败 unable to rewind rpc post data - try increasing http.postBuffer RPC failed; curl 56 OpenSSL SSL_read: Connection was reset, errno 10054 send-pack: unexpected disconnect while reading sideband packet Total 23172 (delta 19822), reused 23152 (delta 19811), pack-reused 0 the remote end hung up unexpectedly" />
      <item value=" Project files, i.e. `.project`, `.actionScriptProperties` and `.flexProperties`&#10; should NOT be excluded as they contain compiler settings and other important&#10; information for Eclipse  Flash Builder.&#10;" />
      <item value="Executables" />
      <item value="Other files and folders" />
      <item value="Build and Release Folders" />
      <item value="MIT License&#10;&#10;Copyright (c) 2022 charlatan&#10;&#10;Permission is hereby granted, free of charge, to any person obtaining a copy&#10;of this software and associated documentation files (the &quot;Software&quot;), to deal&#10;in the Software without restriction, including without limitation the rights&#10;to use, copy, modify, merge, publish, distribute, sublicense, andor sell&#10;copies of the Software, and to permit persons to whom the Software is&#10;furnished to do so, subject to the following conditions:&#10;&#10;The above copyright notice and this permission notice shall be included in all&#10;copies or substantial portions of the Software.&#10;&#10;THE SOFTWARE IS PROVIDED &quot;AS IS&quot;, WITHOUT WARRANTY OF ANY KIND, EXPRESS OR&#10;IMPLIED, INCLUDING BUT NOT LIMITED TO THE WARRANTIES OF MERCHANTABILITY,&#10;FITNESS FOR A PARTICULAR PURPOSE AND NONINFRINGEMENT. IN NO EVENT SHALL THE&#10;AUTHORS OR COPYRIGHT HOLDERS BE LIABLE FOR ANY CLAIM, DAMAGES OR OTHER&#10;LIABILITY, WHETHER IN AN ACTION OF CONTRACT, TORT OR OTHERWISE, ARISING FROM,&#10;OUT OF OR IN CONNECTION WITH THE SOFTWARE OR THE USE OR OTHER DEALINGS IN THE&#10;SOFTWARE.&#10;" />
      <item value="[22001][1292] Data truncation: Incorrect time value: '2001-01-01' for column 'data' at row 1" />
      <item value="[22001][1292] Data truncation: Incorrect time value: '1999' for column 'data' at row 1" />
      <item value="Data truncation: Data too long for column 'sex' at row " />
      <item value="Invalid or incomplete statement" />
      <item value="expected one of the following: BITMAP CONTEXT DIRECTORY EDITIONABLE EDITIONING FORCE FUNCTION INDEX MATERIALIZED MULTIVALUE NO NONEDITIONABLE OR PACKAGE PROCEDURE PUBLIC ROLE SEQUENCE SYNONYM TRIGGER TYPE UNIQUE USER VIEW" />
      <item value="Integer display width is deprecated and will be removed in a future release." />
      <item value="staff" />
      <item value="员工" />
      <item value="员工名称" />
      <item value="leader" />
      <item value="领导" />
      <item value="&#10;Find and manage dependencies for JVM and Kotlin Multiplatform projects. Supports Maven and Gradle projects. Package Search on the web " />
      <item value="&#10;Database development, scripting and navigation tool This product adds extensive database development and maintenance capabilities to the IntelliJ IDEA development environment and related products. Along with a qualified and IDE-compliant SQL and PLSQL editor, it provides advanced database connection management, script execution support, database objects browsing, data and code editor, support for database compiler operations, method execution and debugging, database objects factory, as well as various navigation capabilities between all its components. See features overview on the support page.  Supported Databases:&#10;Oracle&#10;MySQL&#10;SQLite&#10;PostgreSQL&#10;Any JDBC compliant database (EXPERIMENTAL)&#10;   This tool is free for personal and commercial usage. Donations are very welcome though. " />
      <item value="ANNOTATION TYPE" />
      <item value="Modifier" />
      <item value="&#10;Shift + Alt + E on a source file to create an executable with the corresponding file.  If you are from the Java world, you might be used to be able to create a new single public static void main(String [] args) in every class in order test some thing really quick.  With CMake things are more complicated since all files needed to be linked together in an executable and duplicated method names will not be tolerated.  This plugin will automatically insert a new executable for a single source file in the nearest CMake file.  Simply choose a CC++ source file you want to execute separately from your main project and press the hot key Shift + Alt + E github page" />
    </histories>
    <option name="languageScores">
      <map>
        <entry key="CHINESE" value="1157" />
        <entry key="ENGLISH" value="1070" />
        <entry key="FRENCH" value="2" />
        <entry key="NORWEGIAN" value="1" />
      </map>
    </option>
  </component>
  <component name="Cache">
    <option name="lastTrimTime" value="1653048449238" />
  </component>
  <component name="Settings">
    <option name="keepFormat" value="true" />
    <option name="translateDocumentation" value="true" />
    <option name="youdaoTranslateSettings">
      <youdao-translate>
        <option name="appId" value="44909a95b62c85b8" />
      </youdao-translate>
    </option>
  </component>
</application>