<application>
  <component name="AppStorage">
    <option name="newTranslationDialogCollapseDictViewer" value="false" />
    <option name="newTranslationDialogHeight" value="435" />
    <option name="newTranslationDialogWidth" value="550" />
    <option name="newTranslationDialogX" value="760" />
    <option name="newTranslationDialogY" value="133" />
    <histories>
      <item value="bound is a power of 2" />
      <item value="判断" />
      <item value="冬天" />
      <item value="秋天" />
      <item value="球台你" />
      <item value="季节" />
      <item value="j" />
      <item value="ji" />
      <item value="存在" />
      <item value="Exception in thread &quot;main&quot; java.lang.ArithmeticException: Non-terminating decimal expansion; no exact representable decimal result. at java.basejava.math.BigDecimal.divide(BigDecimal.java:1722) at Number.NumberTest02.main(NumberTest02.java:25)" />
      <item value="进程已结束,退出代码1 Exception in thread &quot;main&quot; java.lang.ArithmeticException: Non-terminating decimal expansion; no exact representable decimal result. at java.basejava.math.BigDecimal.divide(BigDecimal.java:1722) at Number.NumberTest02.main(NumberTest02.java:25)" />
      <item value="To get local formatting use getDateInstance(), getDateTimeInstance(), or getTimeInstance(), or use new SimpleDateFormat(String template, Locale locale) with for example Locale.US for ASCII dates." />
      <item value="Number FormatException" />
      <item value="NumberFormatException" />
      <item value=".NumberFormatException" />
      <item value="java.lang.NumberFormatException" />
      <item value="java.lang.NumberFormatException:" />
      <item value="java.lang.NumberFormatException: For input string: &quot;&quot;" />
      <item value="java.lang.NumberFormatException: For input string: &quot;测试&quot;" />
      <item value="With this plugin, you can conveniently work with Zeppelin notebooks, run applications with spark-submit, produce and consume messages with Kafka, monitor Spark and Hadoop YARN applications, and work with following file storages: AWS S3 DigitalOcean Spaces Google Cloud Storage Hadoop Distributed File System (HDFS) Linode Microsoft Azure Minio SFTP Yandex Object Storage You can use this plugin in IntelliJ-based IDEs including IntelliJ IDEA Ultimate, PyCharm Professional, DataGrip and DataSpell. For Zeppelin notebooks with Scala and Python code, the plugin offers smart navigation, code completion, inspections, quick-fixes, and refactorings. You can browse, create, and run Zeppelin notebooks without leaving the IDE. If your Zeppelin server uses a Spark cluster, or you have configured a Spark cluster in the plugin settings, the plugin allows you to track Spark jobs, preview cluster environment and storage information from the IDE. With ZTools, you can view details of the variables as you execute your notebooks and enable smart completion for data frame columns in SQL, Scala ans Python. You can also upload, download, and preview large structured files in tabular form, including CSV, Parquet, AVRO, and ORC formats." />
      <item value="A tool for executing SQL statements through a JDBC connection. Features: Syntax highlighting Executing multiple statements at once Highlighting of primary and foreign keys Editing of results Support for easier configuration of common JDBC driver Support of different column formats (including custom formats) Browser for database structure Statement templates for often used statements Support for Java BLOB's Export into XML, HTML, CSV and Excel Data Load" />
      <item value="JPA Buddy is an IntelliJ IDEA plugin that helps developers work efficiently with Hibernate, EclipseLink, Spring Data JPA, Flyway, Liquibase, Lombok, MapStruct, and other related technologies in both Java and Kotlin. Starting with version 2022.2.-221, JPA Buddy provides free and paid functionality. Most of the features stay free, including all visual designers for entities, Spring Data repositories, SQL and Liquibase changelogs. However, some features are available only under commercial license, e.g. differential migration scripts generation. Find a comparison of free and commercial versions on our website. The plugin is intended to: Lower barrier to entry into development with JPA Boost developer’s productivity Make sure your code follows best practices JPA Buddy delivers: Intuitive wizards to work with JPA Automatic database versioning changelog generation Smart inspections to make the code better JPA Entities generation based on tables (reverse engineering) Visual DTO designer and mapper code generator You can use JPA Buddy in any project with Spring Boot, Jakarta Enterprise Edition, Quarkus, Micronaut, or even without any framework. Find a brief list of features below. Take a look at the Documentation page for more detailed descriptions. Entity Designer Create and edit entities, entity attributes, lifecycle callbacks, indexes and constraints in both Java and Kotlin. Assign JPA converters and Hibernate custom types. Apply Lombok annotations to entities. Generate proper equals, hashCode and toString. Use code inspections and quick fixes to make sure your entities comply with the JPA specification and won’t cause issues in the runtime. Database migration with Liquibase, Flyway and SQL Automatically generate Liquibase changelogs and Flyway migrations by comparing JPA model to target database, model to snapshot or DB to DB. Use visual designers for Liquibase changelogs, Flyway migrations and SQL files: create and modify tables, indexes, constraints etc. Generate “create table” statements based on the JPA model. Scaffold INSERT, UPDATE and DELETE statements for your entities in SQL files. Use coding assistance and autocomplete in Liquibase changelogs for table names, column names etc. JPA Buddy takes these values directly from your data model. Reverse Engineering [Incubator] Generate entities from database tables and views. Add attributes to existing entities based on DB columns. Configure attribute types, assign JPA converters and custom Hibernate types. Spring Data Repositories Create repositories for entities. Generate queries using visual constructors. Extract JPQL from derived method queries. Pick which fields to return from queries and generate projections. DTO Generator Generate DTOs from entities. Generate MapStruct mappers to map entities to DTOs and back. Migrate validations and field initializers from entities during DTO generation. Data-Centric View of the Project View all the entities and traverse the associations. Find related Spring Data Repositories See the hierarchy of changelogs and all the changes in a single tree. Features in the Incubator are in the active development phase, with major improvements and changes planned in the nearest future. These features will remain free until they are complete. After that, they can become either paid or free, depending on the feature. JPA Buddy is a joint effort of: Eugen Paraschiv, the author of baeldung.com, most rated Spring and JPA expert. Creators of CUBA Platform (now Jmix) — an open source framework and tools for enterprise software development. Contact us JPA Buddy keeps evolving, and we need to hear our users. If you have any suggestions, feedback, or face some issues – don't hesitate to share them with us. You can contact us through the following communication channels: Website form (email) Discord channel JetBrains Marketplace Or in personal messages on Twitter and Facebook. We also provide an issue tracker that exposes in read-only mode to see if you face a known issue and follow the status of different tasks. Find us at: jpa-buddy.com twitter.comJPABuddy facebook.comJPABuddy youtube.comcJPABuddy" />
      <item value="is Latin 1" />
      <item value="is Empty" />
      <item value="Char Sequence" />
      <item value="PermGen space" />
      <item value="JProfiler&gt; Protocol version 61&#10;JProfiler&gt; JVMTI version 1.1 detected.&#10;JProfiler&gt; Java 13 detected.&#10;JProfiler&gt; Unknown parameter loopback, ignored.&#10;JProfiler&gt; 64-bit library&#10;JProfiler&gt; Listening on port: 34895.&#10;JProfiler&gt; Enabling native methods instrumentation.&#10;JProfiler&gt; Can retransform classes.&#10;JProfiler&gt; Can retransform any class.&#10;JProfiler&gt; Native library initialized&#10;JProfiler&gt; VM initialized&#10;JProfiler&gt; Retransforming 7 base class files.&#10;JProfiler&gt; Base classes instrumented.&#10;JProfiler&gt; Waiting for a connection from the JProfiler GUI ...&#10;JProfiler&gt; Using instrumentation&#10;JProfiler&gt; Time measurement: elapsed time&#10;JProfiler&gt; CPU profiling enabled" />
      <item value="JProfiler&gt; Protocol version 65&#10;JProfiler&gt; Java 13 detected.&#10;JProfiler&gt; 64-bit library&#10;JProfiler&gt; Listening locally on port: 33119.&#10;JProfiler&gt; Enabling native methods instrumentation.&#10;JProfiler&gt; Can retransform classes.&#10;JProfiler&gt; Can retransform any class.&#10;JProfiler&gt; Native library initialized&#10;JProfiler&gt; VM initialized&#10;JProfiler&gt; Retransforming 7 base class files.&#10;JProfiler&gt; Base classes instrumented.&#10;JProfiler&gt; Waiting for a connection from the JProfiler GUI ...&#10;JProfiler&gt; Using instrumentation&#10;JProfiler&gt; Time measurement: elapsed time&#10;JProfiler&gt; CPU profiling enabled&#10;JProfiler&gt; ERROR: Invalid license key. Aborting.&#10;JProfiler&gt; Killing process&#10;&#10;进程已结束,退出代码0&#10;" />
      <item value="常用类" />
      <item value="Generates typesafe Kotlin APIs from SQL, and provides language features for SQL inside the IDE." />
      <item value="Gitee |Github A set of auxiliary tools for Restful service development Provides a display window of Services tree Double click the URL to jump directly to the corresponding method definition A simple http apiService tool Support Spring system (Spring MVC Spring Boot) Support JAX-RS Support `Navigate-&gt; Request Service` search Mapping (Ctrl + Alt + ) 一套 Restful  http 请求工具 支持 Spring 体系 (Spring MVC Spring Boot) 支持 JAX-RS 支持 `Navigate -&gt; Request Service` 搜索 Mapping (Ctrl + Alt + )" />
      <item value="Gitee |Github A set of auxiliary tools for Restful service development Provides a display window of Services tree Double click the URL to jump directly to the corresponding method definition A simple http apiService tool Support Spring system (Spring MVC Spring Boot) Support JAX-RS Support `Navigate-&gt; Request Service` search Mapping (Ctrl + Alt + ) 一套 Restful 服务开发辅助工具集 提供了一个 Services tree 的显示窗口 双击 URL 直接跳转到对应的方法定义 一个简单的 http 请求工具 支持 Spring 体系 (Spring MVC Spring Boot) 支持 JAX-RS 支持 `Navigate -&gt; Request Service` 搜索 Mapping (Ctrl + Alt + )" />
      <item value="Instantly shows changes made to your code during a debugging session, making it unnecessary to reload web pages and Node.js files. By default, the Live Edit functionality is enabled for HTML and CSS files only. To turn it on for JavaScript, Node.js, and other file types, go to SettingsPreferences | Build, Execution, Deployment | Debugger | Live Edit. To start using Live Edit, open the HTML file you're working with and select Debug in its context menu. This will launch the JavaScript debugger in WebStorm and open your file in the browser. As you edit the code, you'll see the changes you make reflected in the browser. Learn more about Live Edit in the IDE documentation." />
      <item value="This plugin generates JUnit tests from right click 'Generate...' menu while focused on a java class. The unit test output code can be customized using a provided velocity template to format the code based on the origin class. If a unit test is created where one already exists, the user is prompted for overwrite or merge operation. The merge operation allows the user to selectively create the target file content. A future revision will allow the user to generate their own test case macros." />
      <item value="The official JProfiler plugin for JProfiler by ej-technologies. With this plugin, selected run configurations can be profiled with JProfiler from within IDEA." />
      <item value="Interactive viewer for '.log' files. Features: Code highlighting based of log level: error, warn, info, etc. Intention to highlight columns (time, category, threads, stack frames) in log file editor. Folding of uninteresting events Hyperlinks of stack traces in log Navigation to source code that emit log events (F7). Go to next error action (Shift + F7) Extends selection Intention tp highlight distance between events (marks time as red) Advanced error stripe (heat map) Custom log format more info: https:github.comJetBrainsideologwikiCustom-Log-Formats" />
      <item value="Indent Rainbow Plugin A simple extension to make indentation more readable This extension colorizes the indentation in front of your text alternating four different colors on each step." />
      <item value="Github | Manual | Issues GsonFormatPlus This is a plugin you can generate Json model from Json String. This Plugin is only for IntelliJ IDEA And Android Studio. which is base on GsonFormat and more flexible and convenient. Welcome to issue and PR. Install Using IDE built-in plugin system on Windows: File &gt; Settings &gt; Plugins &gt; Browse repositories... &gt; Search for &quot;GsonFormatPlus&quot; &gt; Install Plugin Using IDE built-in plugin system on MacOs: Preferences &gt; Settings &gt; Plugins &gt; Browse repositories... &gt; Search for &quot;GsonFormatPlus&quot; &gt; Install Plugin Manually: Download the latest release and install it manually using Preferences &gt; Plugins &gt; Install plugin from disk... From official jetbrains store from download Restart IDE. Usage 1.Use IDE menu 2.Use hotkey Default Option + s(Mac), Alt + s (win) You can change the hotkey via: 3.Use Demo 4.Setting   SETTING module value default description Convert Method objectarrayFromData false Gson convert method Generate virgo mode true virgo mode Generate generate comments false generate comments Generate split generate false split generate sub class Bean reuse bean false TODO Field name suffix true class suffix Field field(privatepublic) true access level Field name prefix true field name prefix Field use serialized name true use serialized name Field use wrapper class true use wrapper class，eq: int convert Integer Field use lombok true use lombok replace GetterSetter Field use number key as map true use number key as map，TODO Convert library jacksonfastjson true jacksonfastjson convert library   Version Info 1.6.0 by wangzhejun support auto format fix comment position fix camel convert 1.5.8 by wangzhejun fix json camel bug fix bool property default `is` function fix comment conflict 1.5.7 by wangzhejun fix some json5 format bug 1.5.6 by mars-men remote json dialog ‘VK_ENTER’ listener update readme 1.5.5 by mars-men upload to jetbrain plugin center 1.5.2 by wangzejun support field comment support json5 format 1.5.1 by mars-men setting jackson annotation as default support lombok as option fix some bug 1.5.0 - 3 years ago by gsonformat fix several bug fix unlock setting window size 1.4.0 New: Support for autovalue New: Support for lombok New: Support for split generate class the end" />
      <item value="Grep, tail, filter, highlight... everything you need for a console (JSNPMGoLand... Terminals are not supported - IDEA-216442). Also can highlight the editor... Sponsored by: Manage pull requests and conduct code reviews in your IDE with full source-tree context. Comment on any line, not just the diffs. Use jump-to-definition, your favorite keybindings, and code intelligence with more of your workflow. Learn More Features: Change colors of matching text. Grep output into a new console tab. Change output or execute any action using custom groovy scripts or plugins. Filter out unwanted lines. Workaround for stdoutstderr stream mixing Fold output. Play sounds on matches. Clear Console on matches. Tail files. Editor actions: Apply highlights in the editor according to the plugin's console settings. (Main menu | Tools) Toggle highlight on all occurrences of the selected text in the editor. (Ctrl+Alt+F3; Editor Popup Menu; Main menu | Tools) File Tailing: - Run Configuration - Main menu | Tools | Open File in Console - Main Menu | Help | Tail (IntelliJ) Log in Console - Project View | right click context menu | Tail - Drag&amp;Drop &quot;Tail File&quot; panel in the main toolbar - Ctrl + Alt + Shift + E - Tail Quick Switch - http and Windows context menu integration - Encoding auto-detection Inspired by Grep Console plugin for Eclipse Used Remote call plugin implementation for http integration. Donations | GitHub | Issues" />
      <item value="Lightweight plugin for editing CSVTSVPSV files with a flexible Table Editor, syntax validation, structure highlighting, customizable coloring, new intentions and helpful inspections. Features: support for CSVTSVPSV file extensions customizable Table Editor customizable text editor customizable column coloring customizable line comment syntax validation syntax highlighting content formatting quick fix inspections intentions (Alt+Enter), e.g. QuoteUnquote (all), Shift Column LeftRight balloon help &amp; spell checker structure view (header-entry layout) support for ',', ';', '|' or '↹' as value separator support for '&quot;' or '\' as escape character support line comments ( by default, customizable) highlight of active column values tab (↹) separator highlighting TSVPSV file support: TSVPSV files are recognized as such but treated as a variant of CSV files, the same syntax highlighting and code style settings are applied. Code formatting: Default code formatting is 'Tabularize'. Can be changed in Settings -&gt; Editor -&gt; Code Style -&gt; CSVTSVPSV For more detailed information please have a look at the README. Thanks to @royqh1979, @egoisticalgoat, @sabi0, @ptahchiev, @ghost, @MarkJeronimus, FineVisuals and others for supporting me and the project! IntelliJ IDEA UltimatePhpStormDataGripetc.: The plugin is fully compatible with the 'Edit as Table...' functionality." />
      <item value="This plugin provides both real-time and on-demand scanning of Java files with CheckStyle from within IDEA. Please note this is not an official part of Checkstyle - they neither endorse nor bear responsibility for this plugin. Please see the README for full details." />
      <item value="Windows Batch Scripts support for IntelliJ IDEA. Supports syntax highlighting, run configurations that can run any command, also empty configurations. Empty run configurations are useful when you want to execute an external tool through a run configuration." />
      <item value="Homepage | Github | Issues. Sponsors Eliminate context switching and costly distractions. Create and merge PRs and perform code reviews from inside your IDE while using jump-to-definition, your keybindings, and other IDE favorites. Learn more. The most productive Laravel development environment. Learn more. Features Environment variables completion based on .env, Dockerfile and docker-compose.yml files. Go to declaration(in .env file) and usages(in code), by Ctrl(Cmd)+click or hot key(Ctrl(Cmd)-B, etc.) .env file syntax" />
      <item value="Intellij Idea and Android Studio plugin for JSON to POJO transformation. Generates Java, Java Records and Kotlin POJO files from JSON: GSON, FastJSON, AutoValue (GSON), Logan Square, Jackson, Lombok, empty annotations template. Supports: primitive types, multiple inner JSONArrays. Keywords: JsonToPojo, Json2Pojo, Kotlin, GSON, FastJSON, AutoValue, Jackson, LoganSquare, Moshi, Parcelable, Lombok, Java records." />
      <item value="Material Theme UI Plugin Material Design Experience for JetBrains IDEs Material Theme UI is a plugin for JetBrains IDE (IntelliJ IDEA, WebStorm, Android Studio and so on) that changes the original appearance to a Material Design look and feel. Originally inspired by the Material Theme for Sublime Text, this plugin offers a panoply of settings to tweak up the IDEs the way you want. Aside for its impressive palette of themes, it also offers: Beautiful color schemes supporting a vast majority of languages Replacement of all icons with colorful Material Design icons (in a separate plugin) Customization of most of the IDE's controls and components A lot of options, such as accent colors, padded menus, custom indent, arrow styles and such Some useful tweaks, such as Project View Decorators, Language Additions, etc... And it gets updated pretty frequently! Take a look at the beautiful website for more information and for questions and answers" />
      <item value="Shows project statistic. This plugin shows files sorted by their extension along with size, line count LOC etc. User can select (ProjectModulePackageFile) scope using the 'Refresh on selection' button. (This plugin requires Java 1.8) For older versions of IDEs (IDEA, Android Studio, PHP Storm) please use version 3.8.1 !!! Sponsors Eliminate context switching and costly distractions. Create and merge PRs and perform code reviews from inside your IDE while using jump-to-definition, your keybindings, and other IDE favorites." />
      <item value="测试数据" />
      <item value="# test_db&#10;&#10;A sample database with an integrated test suite, used to test your applications and database servers&#10;&#10;This repository was migrated from [Launchpad](https://launchpad.net/test-db).&#10;&#10;See usage in the [MySQL docs](https://dev.mysql.com/doc/employee/en/index.html)&#10;&#10;&#10;## Where it comes from&#10;&#10;The original data was created by Fusheng Wang and Carlo Zaniolo at &#10;Siemens Corporate Research. The data is in XML format.&#10;http://timecenter.cs.aau.dk/software.htm&#10;&#10;Giuseppe Maxia made the relational schema and Patrick Crews exported&#10;the data in relational format.&#10;&#10;The database contains about 300,000 employee records with 2.8 million &#10;salary entries. The export data is 167 MB, which is not huge, but&#10;heavy enough to be non-trivial for testing.&#10;&#10;The data was generated, and as such there are inconsistencies and subtle&#10;problems. Rather than removing them, we decided to leave the contents&#10;untouched, and use these issues as data cleaning exercises.&#10;&#10;## Prerequisites&#10;&#10;You need a MySQL database server (5.0+) and run the commands below through a &#10;user that has the following privileges:&#10;&#10;    SELECT, INSERT, UPDATE, DELETE, &#10;    CREATE, DROP, RELOAD, REFERENCES, &#10;    INDEX, ALTER, SHOW DATABASES, &#10;    CREATE TEMPORARY TABLES, &#10;    LOCK TABLES, EXECUTE, CREATE VIEW&#10;&#10;## Installation:&#10;&#10;1. Download the repository&#10;2. Change directory to the repository&#10;&#10;Then run&#10;&#10;    mysql &lt; employees.sql&#10;&#10;&#10;If you want to install with two large partitioned tables, run&#10;&#10;    mysql &lt; employees_partitioned.sql&#10;&#10;&#10;## Testing the installation&#10;&#10;After installing, you can run one of the following&#10;&#10;    mysql -t &lt; test_employees_md5.sql&#10;    # OR&#10;    mysql -t &lt; test_employees_sha.sql&#10;&#10;For example:&#10;&#10;    mysql  -t &lt; test_employees_md5.sql&#10;    +----------------------+&#10;    | INFO                 |&#10;    +----------------------+&#10;    | TESTING INSTALLATION |&#10;    +----------------------+&#10;    +--------------+------------------+----------------------------------+&#10;    | table_name   | expected_records | expected_crc                     |&#10;    +--------------+------------------+----------------------------------+&#10;    | employees    |           300024 | 4ec56ab5ba37218d187cf6ab09ce1aa1 |&#10;    | departments  |                9 | d1af5e170d2d1591d776d5638d71fc5f |&#10;    | dept_manager |               24 | 8720e2f0853ac9096b689c14664f847e |&#10;    | dept_emp     |           331603 | ccf6fe516f990bdaa49713fc478701b7 |&#10;    | titles       |           443308 | bfa016c472df68e70a03facafa1bc0a8 |&#10;    | salaries     |          2844047 | fd220654e95aea1b169624ffe3fca934 |&#10;    +--------------+------------------+----------------------------------+&#10;    +--------------+------------------+----------------------------------+&#10;    | table_name   | found_records    | found_crc                        |&#10;    +--------------+------------------+----------------------------------+&#10;    | employees    |           300024 | 4ec56ab5ba37218d187cf6ab09ce1aa1 |&#10;    | departments  |                9 | d1af5e170d2d1591d776d5638d71fc5f |&#10;    | dept_manager |               24 | 8720e2f0853ac9096b689c14664f847e |&#10;    | dept_emp     |           331603 | ccf6fe516f990bdaa49713fc478701b7 |&#10;    | titles       |           443308 | bfa016c472df68e70a03facafa1bc0a8 |&#10;    | salaries     |          2844047 | fd220654e95aea1b169624ffe3fca934 |&#10;    +--------------+------------------+----------------------------------+&#10;    +--------------+---------------+-----------+&#10;    | table_name   | records_match | crc_match |&#10;    +--------------+---------------+-----------+&#10;    | employees    | OK            | ok        |&#10;    | departments  | OK            | ok        |&#10;    | dept_manager | OK            | ok        |&#10;    | dept_emp     | OK            | ok        |&#10;    | titles       | OK            | ok        |&#10;    | salaries     | OK            | ok        |&#10;    +--------------+---------------+-----------+&#10;&#10;&#10;## DISCLAIMER&#10;&#10;To the best of my knowledge, this data is fabricated and&#10;it does not correspond to real people. &#10;Any similarity to existing people is purely coincidental.&#10;&#10;&#10;## LICENSE&#10;&#10;This work is licensed under the &#10;Creative Commons Attribution-Share Alike 3.0 Unported License. &#10;To view a copy of this license, visit &#10;http://creativecommons.org/licenses/by-sa/3.0/ or send a letter to &#10;Creative Commons, 171 Second Street, Suite 300, San Francisco, &#10;California, 94105, USA.&#10;&#10;" />
      <item value="This sample database is derived from the Sakila-spatial db, available from &#10;[the MySQL docs](https://dev.mysql.com/doc/index-other.html).&#10;&#10;The changes applied here are quite simple:&#10;&#10;* The FULLTEXT index in InnoDB is added conditionally for MySQL 5.6+&#10;* The GEOMETRY column and SPATIAL index are added conditionally for MySQL 5.7+&#10;&#10;" />
      <item value="应用" />
    </histories>
    <option name="languageScores">
      <map>
        <entry key="CHINESE" value="748" />
        <entry key="ENGLISH" value="686" />
      </map>
    </option>
  </component>
  <component name="Cache">
    <option name="lastTrimTime" value="1651751163819" />
  </component>
  <component name="Settings">
    <option name="translateDocumentation" value="true" />
  </component>
</application>