<application>
  <component name="AppStorage">
    <option name="newTranslationDialogCollapseDictViewer" value="false" />
    <option name="newTranslationDialogHeight" value="435" />
    <option name="newTranslationDialogWidth" value="502" />
    <option name="newTranslationDialogX" value="1111" />
    <option name="newTranslationDialogY" value="104" />
    <histories>
      <item value="com.intellij.javaee.oss.admin.jmx.JmxAdminException: java.util.concurrent.ExecutionException: java.lang.SecurityException: Authentication failed! Invalid username or password" />
      <item value="http.method not implemented" />
      <item value="                &#10;                 Note that this means NO servlet supports whatever&#10;                 method was requested, anywhere on this server.&#10;                &#10;" />
      <item value="send Method Not Allowed" />
      <item value="http.method post not supported" />
      <item value="模板" />
      <item value="Created by IntelliJ IDEA.&#10;  User: charlatan&#10;  Date: 2022526&#10;  Time: 12:22&#10;  To change this template use File | Settings | File Templates.&#10;--%&gt;" />
      <item value="Returns this servlet's ServletConfig object." />
      <item value="    public void service(ServletRequest req, ServletResponse res) throws ServletException, IOException {&#10;        res.setContentType(&quot;texthtml&quot;);&#10;        PrintWriter writer = res.getWriter();&#10;        writer.print(this.getServletContext());&#10;&#10;        ServletContext context = this.getServletContext();&#10;        Enumeration&lt;String&gt; names = context.getAttributeNames();&#10;        while (names.hasMoreElements()) {&#10;            writer.print(names.nextElement() + &quot;&lt;br&gt;&quot;);&#10;        }&#10;    }" />
      <item value="Servlet Response" />
      <item value="Servlet Exception" />
      <item value="you are editing a file which is ignored" />
      <item value="you are editing a file which is " />
      <item value="you are editing a file whic" />
      <item value="you are editing a file whic is" />
      <item value="you are editing a file " />
      <item value="you are editing " />
      <item value="you are edit" />
      <item value="you are editting" />
      <item value="you are " />
      <item value="you " />
      <item value="有" />
      <item value=" Welcome to Apache Tomcat!&#10;&#10; What Is It?&#10;&#10;The Apache Tomcat® software is an open source implementation of the Java&#10;Servlet, JavaServer Pages, Java Expression Language and Java WebSocket&#10;technologies. The Java Servlet, JavaServer Pages, Java Expression Language and&#10;Java WebSocket specifications are developed under the&#10;[Java Community Process](https:jcp.orgenintroductionoverview).&#10;&#10;The Apache Tomcat software is developed in an open and participatory&#10;environment and released under the&#10;[Apache License version 2](https:www.apache.orglicenses). The Apache Tomcat&#10;project is intended to be a collaboration of the best-of-breed developers from&#10;around the world. We invite you to participate in this open development&#10;project. To learn more about getting involved,&#10;[click here](https:tomcat.apache.orggetinvolved.html) or keep reading.&#10;&#10;Apache Tomcat software powers numerous large-scale, mission-critical web&#10;applications across a diverse range of industries and organizations. Some of&#10;these users and their stories are listed on the&#10;[PoweredBy wiki page](https:cwiki.apache.orgconfluencedisplaytomcatPoweredBy).&#10;&#10;Apache Tomcat, Tomcat, Apache, the Apache feather, and the Apache Tomcat&#10;project logo are trademarks of the Apache Software Foundation.&#10;&#10; Get It&#10;&#10;For every major Tomcat version there is one download page containing&#10;links to the latest binary and source code downloads, but also&#10;links for browsing the download directories and archives:&#10;- [Tomcat 10](https:tomcat.apache.orgdownload-10.cgi)&#10;- [Tomcat 9](https:tomcat.apache.orgdownload-90.cgi)&#10;- [Tomcat 8](https:tomcat.apache.orgdownload-80.cgi)&#10;- [Tomcat 7](https:tomcat.apache.orgdownload-70.cgi)&#10;&#10;To facilitate choosing the right major Tomcat version one, we have provided a&#10;[version overview page](https:tomcat.apache.orgwhichversion.html).&#10;&#10; Documentation&#10;&#10;The documentation available as of the date of this release is&#10;included in the docs webapp which ships with tomcat. You can access that webapp&#10;by starting tomcat and visiting &lt;http:localhost:8080docs&gt; in your browser.&#10;The most up-to-date documentation for each version can be found at:&#10;- [Tomcat 10.1](https:tomcat.apache.orgtomcat-10.1-doc)&#10;- [Tomcat 10.0](https:tomcat.apache.orgtomcat-10.0-doc)&#10;- [Tomcat 9](https:tomcat.apache.orgtomcat-9.0-doc)&#10;- [Tomcat 8](https:tomcat.apache.orgtomcat-8.5-doc)&#10;&#10; Installation&#10;&#10;Please see [RUNNING.txt](RUNNING.txt) for more info.&#10;&#10; Licensing&#10;&#10;Please see [LICENSE](LICENSE) for more info.&#10;&#10; Support and Mailing List Information&#10;&#10; Free community support is available through the&#10;[tomcat-users](https:tomcat.apache.orglists.htmltomcat-users) email list and&#10;a dedicated [IRC channel](https:tomcat.apache.orgirc.html) (tomcat on&#10;Freenode).&#10;&#10; If you want freely available support for running Apache Tomcat, please see the&#10;resources page [here](https:tomcat.apache.orgfindhelp.html).&#10;&#10; If you want to be informed about new code releases, bug fixes,&#10;security fixes, general news and information about Apache Tomcat, please&#10;subscribe to the&#10;[tomcat-announce](https:tomcat.apache.orglists.htmltomcat-announce) email&#10;list.&#10;&#10; If you have a concrete bug report for Apache Tomcat, please see the&#10;instructions for reporting a bug&#10;[here](https:tomcat.apache.orgbugreport.html).&#10;&#10; Contributing&#10;&#10;Please see [CONTRIBUTING](CONTRIBUTING.md) for more info.&#10;" />
      <item value="NOOP by default" />
      <item value="NOOP" />
      <item value="Generic Servlet" />
      <item value="get Servlet Info" />
      <item value="Servlet" />
      <item value="Context" />
      <item value="Servlet Context" />
      <item value="Enumeration" />
      <item value="Parameter" />
      <item value="get Init Parameter" />
      <item value="transient" />
      <item value="serial Version UID" />
      <item value="upper Values" />
      <item value="end Combining Above" />
      <item value="start Combining Above" />
      <item value="OTI" />
      <item value="non-HTTP request or response" />
      <item value="java.io.IOException: Failed to retrieve RMIServer stub: javax.naming.ServiceUnavailableException [Root exception is java.rmi.ConnectException: Connection refused to host: localhost; nested exception is: java.net.ConnectException: Connection refused: connect]" />
      <item value="Setting data field &quot;danmu&quot; to undefined is invalid." />
      <item value="WASubContext.js?t=wechat&amp;s=1653356820530&amp;v=2.19.4:2 Setting data field &quot;danmu&quot; to undefined is invalid.&#10;(anonymous) @ WASubContext.js?t=wechat&amp;s=1653356820530&amp;v=2.19.4:2&#10;beforeMergeValues @ WASubContext.js?t=wechat&amp;s=1653356820530&amp;v=2.19.4:2&#10;(anonymous) @ WASubContext.js?t=wechat&amp;s=1653356820530&amp;v=2.19.4:2&#10;c.doUpdates @ WASubContext.js?t=wechat&amp;s=1653356820530&amp;v=2.19.4:2&#10;v.setData @ WASubContext.js?t=wechat&amp;s=1653356820530&amp;v=2.19.4:2&#10;(anonymous) @ WASubContext.js?t=wechat&amp;s=1653356820530&amp;v=2.19.4:2&#10;changeMsg @ media.js? [sm]:25&#10;r.safeCallback @ WASubContext.js?t=wechat&amp;s=1653356820530&amp;v=2.19.4:2&#10;(anonymous) @ WASubContext.js?t=wechat&amp;s=1653356820530&amp;v=2.19.4:2&#10;wn @ WASubContext.js?t=wechat&amp;s=1653356820530&amp;v=2.19.4:2&#10;(anonymous) @ WASubContext.js?t=wechat&amp;s=1653356820530&amp;v=2.19.4:2&#10;g @ WASubContext.js?t=wechat&amp;s=1653356820530&amp;v=2.19.4:2&#10;(anonymous) @ WASubContext.js?t=wechat&amp;s=1653356820530&amp;v=2.19.4:2&#10;(anonymous) @ WASubContext.js?t=wechat&amp;s=1653356820530&amp;v=2.19.4:2&#10;(anonymous) @ WAServiceMainContext.js:2&#10;s @ VM2949 asdebug.js:1&#10;c @ VM2949 asdebug.js:1&#10;(anonymous) @ VM2949 asdebug.js:1&#10;f @ VM2949 asdebug.js:1&#10;g @ VM2949 asdebug.js:1&#10;(anonymous) @ VM2949 asdebug.js:1&#10;_ws.onmessage @ VM2949 asdebug.js:1" />
      <item value="Can't register driver" />
      <item value="fully qualified class name of the servlet." />
      <item value="Core" />
      <item value="查询内容" />
      <item value="端口" />
      <item value="duan" />
      <item value="主机" />
    </histories>
    <option name="languageScores">
      <map>
        <entry key="CHINESE" value="1177" />
        <entry key="ENGLISH" value="1110" />
        <entry key="AFRIKAANS" value="1" />
        <entry key="FRENCH" value="2" />
        <entry key="MAORI" value="1" />
        <entry key="NORWEGIAN" value="1" />
      </map>
    </option>
  </component>
  <component name="Cache">
    <option name="lastTrimTime" value="1653483325654" />
  </component>
  <component name="Settings">
    <option name="keepFormat" value="true" />
    <option name="translateDocumentation" value="true" />
    <option name="youdaoTranslateSettings">
      <youdao-translate>
        <option name="appId" value="44909a95b62c85b8" />
      </youdao-translate>
    </option>
  </component>
</application>