<code_scheme name="Default" version="173">
  <option name="ENABLE_SECOND_REFORMAT" value="true" />
  <option name="SOFT_MARGINS" value="80" />
  <CssCodeStyleSettings>
    <option name="PROPERTIES_ORDER" value="display, visibility, float, clear, overflow, overflow-x, overflow-y, clip, zoom, align-content, align-items, align-self, flex, flex-flow, flex-basis, flex-direction, flex-grow, flex-shrink, flex-wrap, justify-content, order, box-sizing, position, z-index, top, right, bottom, left, width, min-width, max-width, height, min-height, max-height, table-layout, empty-cells, caption-side, border-spacing, border-collapse, margin, margin-top, margin-right, margin-bottom, margin-left, padding, padding-top, padding-right, padding-bottom, padding-left, border, border-width, border-style, border-color, border-top, border-top-width, border-top-style, border-top-color, border-right, border-right-width, border-right-style, border-right-color, border-bottom, border-bottom-width, border-bottom-style, border-bottom-color, border-left, border-left-width, border-left-style, border-left-color, border-radius, border-top-left-radius, border-top-right-radius, border-bottom-right-radius, border-bottom-left-radius, border-image, border-image-source, border-image-slice, border-image-width, border-image-outset, border-image-repeat, outline, outline-width, outline-style, outline-color, outline-offset, font, font-family, font-size, font-weight, font-style, font-variant, font-size-adjust, font-stretch, line-height, text-align, text-align-last, vertical-align, white-space, text-decoration, text-emphasis, text-emphasis-color, text-emphasis-style, text-emphasis-position, text-indent, text-justify, letter-spacing, word-spacing, text-outline, text-transform, text-wrap, text-overflow, text-overflow-ellipsis, text-overflow-mode, word-wrap, word-break, tab-size, hyphens, pointer-events, opacity, color, background, background-color, background-image, background-repeat, background-attachment, background-position, background-position-x, background-position-y, background-clip, background-origin, background-size, list-style, list-style-position, list-style-type, list-style-image, content, quotes, counter-reset, counter-increment, resize, cursor, user-select, nav-index, nav-up, nav-right, nav-down, nav-left, transition, transition-delay, transition-timing-function, transition-duration, transition-property, transform, transform-origin, animation, animation-name, animation-duration, animation-play-state, animation-timing-function, animation-delay, animation-iteration-count, animation-direction, box-decoration-break, box-shadow, text-shadow" />
  </CssCodeStyleSettings>
  <ScalaCodeStyleSettings>
    <option name="MULTILINE_STRING_CLOSING_QUOTES_ON_NEW_LINE" value="true" />
  </ScalaCodeStyleSettings>
</code_scheme>